https://cool.devo.build/tutorials/calico-with-oke,WWMK211125P00010
https://cool.devo.build/tutorials/steampipe/steampipe-intro,WWMK211125P00011
https://cool.devo.build/tutorials/modernize-healthcare-graalvm,WWMK211125P00012
https://cool.devo.build/tutorials/call-a-function-api-oci-clouddev,WWMK211125P00013
https://cool.devo.build/tutorials/go–consuming-oracle-rest-api,WWMK211125P00014
https://cool.devo.build/tutorials/microsoft-sql-to-mds,WWMK211125P00015
https://cool.devo.build/tutorials/matamo-with-oci-mds,WWMK211125P00016
https://cool.devo.build/tutorials/hops-works-logicalclocks,WWMK211125P00017
https://cool.devo.build/tutorials/ocimonitoring-w-steampipe-prometheus-grafana,WWMK211125P00018
https://cool.devo.build/tutorials/deploying-verrazzano-on-oke,WWMK211117P00086
https://cool.devo.build/tutorials/flexible-load-balancers-oke,WWMK211125P00019
https://cool.devo.build/tutorials/tf-101/8-resources,WWMK211117P00010
https://cool.devo.build/tutorials/tf-101/7-destroying,WWMK211117P00010
https://cool.devo.build/tutorials/polyglot-application-observability,WWMK211125P00020
https://cool.devo.build/tutorials/create-modern-data-lake-oci-readme,WWMK211125P00021
https://cool.devo.build/tutorials/oci-iac-framework/getting-started-with-oci-step-2-base,WWMK211125P00022
https://cool.devo.build/tutorials/oci-iac-framework/getting-started-with-oci-step-1-provider,WWMK211125P00022
https://cool.devo.build/tutorials/oci-iac-framework/getting-started-with-oci-intro,WWMK211125P00022
https://cool.devo.build/tutorials/deploying-joomla-on-oci-and-mds,WWMK211125P00023
https://cool.devo.build/tutorials/extending-terraform-oke-helm-chart,WWMK211125P00024
https://cool.devo.build/tutorials/deploy-moodle-on-OCI-with-mds,WWMK211125P00025
https://cool.devo.build/tutorials/oci-shell-bastion-MySQL,WWMK211125P00026
https://cool.devo.build/tutorials/lol-optimizer-using-oci-extraction-processing,WWMK211125P00027
https://cool.devo.build/tutorials/apache-php-ubuntu-oci-installation,WWMK211125P00028
https://cool.devo.build/tutorials/deploy-apache-superset-with-mds-on-oci,WWMK211123P00031
https://cool.devo.build/tutorials/tf-101/4-variables,WWMK211117P00010
https://cool.devo.build/tutorials/tf-101/3-understanding-terraform-basics,WWMK211117P00010
https://cool.devo.build/tutorials/deploy-flask-app-cloud-shell,WWMK210625P00048
https://cool.devo.build/tutorials/tf-101/2-experiencing-terraform,WWMK211117P00010
https://cool.devo.build/tutorials/install-jupyter-lab-on-oci,WWMK211117P00079
https://cool.devo.build/tutorials/get-started-with-lamp-on-oci,WWMK211117P00082
https://cool.devo.build/tutorials/tf-101/6-changing,WWMK211117P00010
https://cool.devo.build/tutorials/tf-101/5-creating,WWMK211117P00010
https://cool.devo.build/tutorials/how-to-deploy-spark-oci,WWMK211117P00011
https://cool.devo.build/tutorials/deploy-a-node-express-application.html,WWMK211117P00058
https://cool.devo.build/tutorials/tf-101/1-why-iac,WWMK211117P00010
https://cool.devo.build/tutorials/deploying-the-argo-project-on-oke,WWMK211125P00029
https://cool.devo.build/tutorials/get-started-with-node-express-on-oracle-cloud,WWMK211117P00083
https://cool.devo.build/tutorials/manually-configuring-a-data-science-tenancy,WWMK211117P00085
https://cool.devo.build/tutorials/deploy-cassandra-on-oci,WWMK211125P00030
https://cool.devo.build/tutorials/install-spring-boot-on-an-oracle-instance,WWMK211117P00090
https://cool.devo.build/tutorials/learning-languages-with-oracle-cloud,WWMK211125P00031